{"version":3,"generationInfos":[{"type":"vanilla","generationInfo":{"id":"VanillaGen1","generationWeight":0.32786881923675537,"minBaseLimit":0.9900990128517151,"maxBaseLimit":0.9900990128517151,"minScaledLimit":0.0,"maxScaledLimit":0.0,"spawnShiftX":0,"spawnShiftY":-5,"spawnShiftZ":0,"front":"NORTH","biomeExpression":""}},{"type":"natural","generationInfo":{"id":"NaturalGen1","generationCategory":"adventure","generationY":{"selectionMode":"surface","minY":-5,"maxY":-5},"generationBiomes":[{"biomes":"$PLAINS"},{"biomes":"$FOREST"},{"biomes":"$SWAMP"},{"biomes":"$SANDY"},{"biomes":"$MESA"},{"biomes":"$SAVANNA"},{"biomes":"$WASTELAND","weight":2.076502799987793},{"biomes":"$MUSHROOM"}],"dimensionWeightsPreset":"overworld","generationDimensions":[{"dimensions":"$UNCATEGORIZED"},{"dimensions":"$NO_TOP_LIMIT \u0026 $BOTTOM_LIMIT \u0026 $INFINITE"}]}}],"transformers":[{"type":"naturalAir","transformer":{"sourceExpression":"reccomplex:negativeSpace \u0026 #1"}},{"type":"negativeSpace","transformer":{"sourceExpression":"reccomplex:negativeSpace \u0026 #0"}},{"type":"natural","transformer":{"sourceExpression":"reccomplex:naturalFloor \u0026 #0"}},{"type":"replace","transformer":{"sourceExpression":"reccomplex:naturalFloor \u0026 #1","destination":[{"block":"minecraft:air","metadata":0,"tileEntityInfo":""}]}}],"rotatable":true,"mirrorable":false,"dependencyExpression":"","metadata":{"authors":"","weblink":"","comment":""},"customData":{}}