<?xml version="1.0" encoding="UTF-8"?>
<ModelAnimator version="0.1">
	<model>
        <phase name="global" rotation="0,1,0,0" offset="0,0,0" scale="0.5"></phase>
        <metadata head="Head" headCap="-90,90" headAxis="1" headAxis2="0" headDir="1"/>
        <phase name="snakeIdle" parts="Tail_base:Tail_pt1:Tail_pt2" angle="5" axis="2" length="15"/>
        <phase type="walking">
            <part name="Right_arm">
                <component name="1" rotChange="0,0,-20" length="5" startKey="0"/>
                <component name="2" rotChange="0,0,40" length="5" startKey="5"/>
                <component name="2" rotChange="0,0,-20" length="5" startKey="10"/>
            </part>
            <part name="Left_arm">
                <component name="1" rotChange="0,0,-20" length="5" startKey="0"/>
                <component name="2" rotChange="0,0,40" length="5" startKey="5"/>
                <component name="2" rotChange="0,0,-20" length="5" startKey="10"/>
            </part>
            <part name="Right_thigh">
                <component name="1" rotChange="15,0,0" length="5" startKey="0"/>
                <component name="2" rotChange="-30,0,0" length="5" startKey="5"/>
                <component name="1" rotChange="15,0,0" length="5" startKey="10"/>
            </part>
            <part name="Left_thigh">
                <component name="1" rotChange="-15,0,0" length="5" startKey="0"/>
                <component name="2" rotChange="30,0,0" length="5" startKey="5"/>
                <component name="1" rotChange="-15,0,0" length="5" startKey="10"/>
            </part>
        </phase>
        <merges merge="idle->walking" />
	</model>
</ModelAnimator>


