<?xml version="1.0" encoding="UTF-8"?>
<ModelAnimator version="0.1">
	<model name="">
			<phase name="global" rotation="1,0,0,0" offset="0,-1.15,0" scale="0.75,0.75,0.75" headCap="-90,90"/>
			<phase name="biWalk" leftLeg="LegLeft1" rightLeg="LegRight1" leftArm="" rightArm="" duration="10" legAngle="50"/>
			<part name="RightWing1">
				<phase name="flying">
					<vector rotation="0,0,1,85" time="20"/>
					<vector rotation="0,0,1,-25" time="20"/>
				</phase>
				<phase name="idle">
					<vector rotation="-0.1,0,1,-55" time="20"/>
				</phase>
				<part name="RightWing2">
					<phase name="flying">
						<vector rotation="0,0,1,15" time="20"/>
						<vector rotation="0,0,1,-15" time="20"/>
					</phase>
					<phase name="idle">
						<vector rotation="0,0,1,10" time="20"/>
					</phase>
					<part name="RightWing3">
						<phase name="flying">
							<vector rotation="0,0,1,15" time="20"/>
							<vector rotation="0,0,1,-15" time="20"/>
						</phase>
						<phase name="idle">
							<vector rotation="0,0,1,0" time="20"/>
						</phase>
					</part>
				</part>
			</part>
			<part name="LeftWing1">
				<phase name="flying">
					<vector rotation="0,0,1,-85" time="20"/>
					<vector rotation="0,0,1,25" time="20"/>
				</phase>
				<phase name="idle">
					<vector rotation="-0.1,0,1,55" time="20"/>
				</phase>
				<part name="LeftWing2">
					<phase name="flying">
						<vector rotation="0,0,1,15" time="20"/>
						<vector rotation="0,0,1,-15" time="20"/>
					</phase>
					<phase name="idle">
						<vector rotation="0,0,1,10" time="20"/>
					</phase>
					<part name="LeftWing3">
						<phase name="flying">
							<vector rotation="0,0,1,15" time="20"/>
							<vector rotation="0,0,1,-15" time="20"/>
						</phase>
						<phase name="idle">
							<vector rotation="0,0,1,0" time="20"/>
						</phase>
					</part>
				</part>
			</part>
	</model>
</ModelAnimator>


