<?xml version="1.0" encoding="UTF-8"?>
<ModelAnimator version="0.1">
    <model name="">
        <phase name="global" rotation="1,0,0,0" offset="0,-0.6,0" scale="0.4" headAxis="1" headCap="-50,50"/>
        <part name="mid">
            <phase name="idle">
                <vector rotation="0,0,0,0" time="0"/>
            </phase>
            <part name="leftLeg">
                <phase name="onground">
                    <vector rotation="1,0,0,-60" time="0"/>
                </phase>
                <phase name="sitting">
                    <vector rotation="1,0,0,-60" time="0"/>
                </phase>
            </part>
            <part name="rightLeg">
                <phase name="onground">
                    <vector rotation="1,0,0,-60" time="0"/>
                </phase>
                <phase name="sitting">
                    <vector rotation="1,0,0,-60" time="0"/>
                </phase>
            </part>
            <part name="tail0">
                <phase name="idle">
                    <vector rotation="0,0,1,0" time="0"/>
                </phase>
                <phase name="sitting">
                    <vector rotation="1,0,0,30" time="0"/>
                </phase>
                <phase name="onground">
                    <vector rotation="1,0,0,60" time="0"/>
                </phase>
                <part name="tail1">
                    <phase name="idle">
                        <vector rotation="0,0,1,30" time="25"/>
                        <vector rotation="0,0,1,-30" time="25"/>
                    </phase>
                    <phase name="sitting">
                        <vector rotation="0,0,1,30" time="0"/>
                    </phase>
                    <part name="tail2">
                        <phase name="idle">
                            <vector rotation="0,0,1,15" time="25"/>
                            <vector rotation="0,0,1,-15" time="25"/>
                        </phase>
                        <phase name="sitting">
                            <vector rotation="0,0,1,30" time="0"/>
                        </phase>
                        <part name="tail3">
                            <phase name="idle">
                                <vector rotation="0,0,1,0" time="25"/>
                            </phase>
                            <phase name="sitting">
                                <vector rotation="0,0,1,30" time="0"/>
                            </phase>
                            <part name="tail4">
                                <phase name="idle">
                                    <vector rotation="0,0,1,-15" time="25"/>
                                    <vector rotation="0,0,1,15" time="25"/>
                                </phase>
                                <phase name="sitting">
                                    <vector rotation="0,0,1,30" time="0"/>
                                </phase>
                                <part name="tail5">
                                    <phase name="idle">
                                        <vector rotation="0,0,1,-30" time="25"/>
                                        <vector rotation="0,0,1,30" time="25"/>
                                    </phase>
                                    <phase name="sitting">
                                        <vector rotation="0,0,1,30" time="0"/>
                                    </phase>
                                    <part name="tail6">
                                        <phase name="idle">
                                            <vector rotation="0,0,1,-15" time="25"/>
                                            <vector rotation="0,0,1,15" time="25"/>
                                        </phase>
                                        <phase name="sitting">
                                            <vector rotation="0,0,1,30" time="0"/>
                                        </phase>
                                        <part name="tail7">
                                            <phase name="idle">
                                                <vector rotation="0,0,1,0" time="25"/>
                                            </phase>
                                            <phase name="sitting">
                                                <vector rotation="0,0,1,30" time="0"/>
                                            </phase>
                                            <part name="tail8">
                                                <phase name="idle">
                                                    <vector rotation="0,0,1,-30" time="25"/>
                                                    <vector rotation="0,0,1,30" time="25"/>
                                                </phase>
                                                <phase name="sitting">
                                                    <vector rotation="0,0,1,-10" time="25"/>
                                                    <vector rotation="0,0,1,10" time="25"/>
                                                </phase>
                                            </part>
                                        </part>
                                    </part>
                                </part>
                            </part>
                        </part>
                    </part>
                </part>
            </part>
        </part>
    </model>
</ModelAnimator>
