<?xml version="1.0" encoding="UTF-8"?>
<ModelAnimator version="0.1">
    <model name="">
        <phase name="global" rotation="1,0,0,0" offset="0,-0.45,0" scale="0.3" headAxis="1" headCap="-50,50"/>
        <phase name="biWalk" leftLeg="Left_foot" rightLeg="Right_foot" leftArm="Left_hand" rightArm="Right_hand" duration="10" legAngle="45" armAngle="50"/>
        <customTex default="Plusle">
            <part name="Head" tex="PlusleHead"/>
            <animation part="Head" trigger="random:0.005:20" diffs="0,0.25"/>
            <animation part="Head" trigger="sleeping" diffs="0,0.5"/>
            <animation part="Head" trigger="angry" diffs="0,0.75"/>
        </customTex> 
    </model>
</ModelAnimator>
