<?xml version="1.0" encoding="UTF-8"?>
<ModelAnimator version="0.1">
	<model name="Porygon-Z">
			<phase name="global" rotation="0,1,0,0" offset="0,0,0.5" scale="0.35"></phase>
        <metadata head="head" headCap="-90,90"/>
        <phase type="idle">
            <part name="armR">
                <component name="1" rotChange="0, 10,0" rotOffset="0,0,0" length="10" startKey="0"></component>
                <component name="2" rotChange="0,-10,0" length="10"
                	startKey="10"/>
            </part>
            <part name="armL">
                <component name="1" rotChange="0,-10,0" length="10"
                	startKey="0" rotOffset="0,0,0" />
                <component name="2" rotChange="0, 10,0" length="10" startKey="10"/>
            </part>
        </phase>
	</model>
</ModelAnimator>


