<?xml version="1.0" encoding="UTF-8"?>
<ModelAnimator version="0.1">
	<model name="Staraptor">
			<phase name="global" rotation="1,0,0,0" offset="0,-0.15,0" scale="0.25,0.25,0.25"/>
			<part name="Left wing base">
				<phase name="idle">
					<vector rotation="0,0,1,-85" time="30"/>
					<vector rotation="0,0,1,25" time="30"/>
				</phase>
			
			<part name="Left wing tip">
				<phase name="idle">
					<vector rotation="0,0,1,-25" time="25"/>
					<vector rotation="0,0,1,0" time="25"/>
			</phase>
			</part>
			</part>

			<part name="Right wing base">
				<phase name="idle">
					<vector rotation="0,0,1,85" time="30"/>
					<vector rotation="0,0,1,-25" time="30"/>
				</phase>
			
			<part name="Right wing tip">
				<phase name="idle">
					<vector rotation="0,0,1,25" time="25"/>
					<vector rotation="0,0,1,0" time="25"/>
			</phase>
			</part>
			</part>
	</model>
</ModelAnimator>


