<?xml version="1.0" encoding="UTF-8"?>
<ModelAnimator version="0.1">
	<model name="">
			<phase name="global" rotation="1,0,0,0" offset="0,-1.15,0" scale="0.75,0.75,0.75" headCap="-90,90"/>
			<phase name="biWalk" leftLeg="LegLeft1" rightLeg="LegRight1" leftArm="" rightArm="" duration="10" legAngle="50"/>
			<part name="RightWing1">
				<phase name="flying">
					<vector rotation="0,0,1,85" time="15"/>
					<vector rotation="0,0,1,-25" time="15"/>
				</phase>
				<phase name="idle">
					<vector rotation="-0.1,0,1,55" time="20"/>
				</phase>
			</part>
			<part name="LeftWing1">
				<phase name="flying">
					<vector rotation="0,0,1,-85" time="15"/>
					<vector rotation="0,0,1,25" time="15"/>
				</phase>
				<phase name="idle">
					<vector rotation="-0.1,0,1,-55" time="20"/>
				</phase>
			</part>
	</model>
</ModelAnimator>


