{"mobs.Bulbasaur": {"category": "hostile","sounds": [{"name": "mobs/Bulbasaur","stream": false}]},
"mobs.Ivysaur": {"category": "hostile","sounds": [{"name": "mobs/Ivysaur","stream": false}]},
"mobs.Venusaur": {"category": "hostile","sounds": [{"name": "mobs/Venusaur","stream": false}]},
"mobs.Charmander": {"category": "hostile","sounds": [{"name": "mobs/Charmander","stream": false}]},
"mobs.Charmeleon": {"category": "hostile","sounds": [{"name": "mobs/Charmeleon","stream": false}]},
"mobs.Charizard": {"category": "hostile","sounds": [{"name": "mobs/Charizard","stream": false}]},
"mobs.Squirtle": {"category": "hostile","sounds": [{"name": "mobs/Squirtle","stream": false}]},
"mobs.Wartortle": {"category": "hostile","sounds": [{"name": "mobs/Wartortle","stream": false}]},
"mobs.Blastoise": {"category": "hostile","sounds": [{"name": "mobs/Blastoise","stream": false}]},
"mobs.Caterpie": {"category": "hostile","sounds": [{"name": "mobs/Caterpie","stream": false}]},
"mobs.Metapod": {"category": "hostile","sounds": [{"name": "mobs/Metapod","stream": false}]},
"mobs.Butterfree": {"category": "hostile","sounds": [{"name": "mobs/Butterfree","stream": false}]},
"mobs.Weedle": {"category": "hostile","sounds": [{"name": "mobs/Weedle","stream": false}]},
"mobs.Kakuna": {"category": "hostile","sounds": [{"name": "mobs/Kakuna","stream": false}]},
"mobs.Beedrill": {"category": "hostile","sounds": [{"name": "mobs/Beedrill","stream": false}]},
"mobs.Pidgey": {"category": "hostile","sounds": [{"name": "mobs/Pidgey","stream": false}]},
"mobs.Pidgeotto": {"category": "hostile","sounds": [{"name": "mobs/Pidgeotto","stream": false}]},
"mobs.Pidgeot": {"category": "hostile","sounds": [{"name": "mobs/Pidgeot","stream": false}]},
"mobs.Rattata": {"category": "hostile","sounds": [{"name": "mobs/Rattata","stream": false}]},
"mobs.Raticate": {"category": "hostile","sounds": [{"name": "mobs/Raticate","stream": false}]},
"mobs.Spearow": {"category": "hostile","sounds": [{"name": "mobs/Spearow","stream": false}]},
"mobs.Fearow": {"category": "hostile","sounds": [{"name": "mobs/Fearow","stream": false}]},
"mobs.Ekans": {"category": "hostile","sounds": [{"name": "mobs/Ekans","stream": false}]},
"mobs.Arbok": {"category": "hostile","sounds": [{"name": "mobs/Arbok","stream": false}]},
"mobs.Pikachu": {"category": "hostile","sounds": [{"name": "mobs/Pikachu","stream": false}]},
"mobs.Raichu": {"category": "hostile","sounds": [{"name": "mobs/Raichu","stream": false}]},
"mobs.Sandshrew": {"category": "hostile","sounds": [{"name": "mobs/Sandshrew","stream": false}]},
"mobs.Sandslash": {"category": "hostile","sounds": [{"name": "mobs/Sandslash","stream": false}]},
"mobs.NidoranF": {"category": "hostile","sounds": [{"name": "mobs/Nidoranf","stream": false}]},
"mobs.Nidorina": {"category": "hostile","sounds": [{"name": "mobs/Nidorina","stream": false}]},
"mobs.Nidoqueen": {"category": "hostile","sounds": [{"name": "mobs/Nidoqueen","stream": false}]},
"mobs.NidoranM": {"category": "hostile","sounds": [{"name": "mobs/Nidoranm","stream": false}]},
"mobs.Nidorino": {"category": "hostile","sounds": [{"name": "mobs/Nidorino","stream": false}]},
"mobs.Nidoking": {"category": "hostile","sounds": [{"name": "mobs/Nidoking","stream": false}]},
"mobs.Clefairy": {"category": "hostile","sounds": [{"name": "mobs/Clefairy","stream": false}]},
"mobs.Clefable": {"category": "hostile","sounds": [{"name": "mobs/Clefable","stream": false}]},
"mobs.Vulpix": {"category": "hostile","sounds": [{"name": "mobs/Vulpix","stream": false}]},
"mobs.Ninetales": {"category": "hostile","sounds": [{"name": "mobs/Ninetales","stream": false}]},
"mobs.Jigglypuff": {"category": "hostile","sounds": [{"name": "mobs/Jigglypuff","stream": false}]},
"mobs.Wigglytuff": {"category": "hostile","sounds": [{"name": "mobs/Wigglytuff","stream": false}]},
"mobs.Zubat": {"category": "hostile","sounds": [{"name": "mobs/Zubat","stream": false}]},
"mobs.Golbat": {"category": "hostile","sounds": [{"name": "mobs/Golbat","stream": false}]},
"mobs.Oddish": {"category": "hostile","sounds": [{"name": "mobs/Oddish","stream": false}]},
"mobs.Gloom": {"category": "hostile","sounds": [{"name": "mobs/Gloom","stream": false}]},
"mobs.Vileplume": {"category": "hostile","sounds": [{"name": "mobs/Vileplume","stream": false}]},
"mobs.Paras": {"category": "hostile","sounds": [{"name": "mobs/Paras","stream": false}]},
"mobs.Parasect": {"category": "hostile","sounds": [{"name": "mobs/Parasect","stream": false}]},
"mobs.Venonat": {"category": "hostile","sounds": [{"name": "mobs/Venonat","stream": false}]},
"mobs.Venomoth": {"category": "hostile","sounds": [{"name": "mobs/Venomoth","stream": false}]},
"mobs.Diglett": {"category": "hostile","sounds": [{"name": "mobs/Diglett","stream": false}]},
"mobs.Dugtrio": {"category": "hostile","sounds": [{"name": "mobs/Dugtrio","stream": false}]},
"mobs.Meowth": {"category": "hostile","sounds": [{"name": "mobs/Meowth","stream": false}]},
"mobs.Persian": {"category": "hostile","sounds": [{"name": "mobs/Persian","stream": false}]},
"mobs.Psyduck": {"category": "hostile","sounds": [{"name": "mobs/Psyduck","stream": false}]},
"mobs.Golduck": {"category": "hostile","sounds": [{"name": "mobs/Golduck","stream": false}]},
"mobs.Mankey": {"category": "hostile","sounds": [{"name": "mobs/Mankey","stream": false}]},
"mobs.Primeape": {"category": "hostile","sounds": [{"name": "mobs/Primeape","stream": false}]},
"mobs.Growlithe": {"category": "hostile","sounds": [{"name": "mobs/Growlithe","stream": false}]},
"mobs.Arcanine": {"category": "hostile","sounds": [{"name": "mobs/Arcanine","stream": false}]},
"mobs.Poliwag": {"category": "hostile","sounds": [{"name": "mobs/Poliwag","stream": false}]},
"mobs.Poliwhirl": {"category": "hostile","sounds": [{"name": "mobs/Poliwhirl","stream": false}]},
"mobs.Poliwrath": {"category": "hostile","sounds": [{"name": "mobs/Poliwrath","stream": false}]},
"mobs.Abra": {"category": "hostile","sounds": [{"name": "mobs/Abra","stream": false}]},
"mobs.Kadabra": {"category": "hostile","sounds": [{"name": "mobs/Kadabra","stream": false}]},
"mobs.Alakazam": {"category": "hostile","sounds": [{"name": "mobs/Alakazam","stream": false}]},
"mobs.Machop": {"category": "hostile","sounds": [{"name": "mobs/Machop","stream": false}]},
"mobs.Machoke": {"category": "hostile","sounds": [{"name": "mobs/Machoke","stream": false}]},
"mobs.Machamp": {"category": "hostile","sounds": [{"name": "mobs/Machamp","stream": false}]},
"mobs.Bellsprout": {"category": "hostile","sounds": [{"name": "mobs/Bellsprout","stream": false}]},
"mobs.Weepinbell": {"category": "hostile","sounds": [{"name": "mobs/Weepinbell","stream": false}]},
"mobs.Victreebel": {"category": "hostile","sounds": [{"name": "mobs/Victreebel","stream": false}]},
"mobs.Tentacool": {"category": "hostile","sounds": [{"name": "mobs/Tentacool","stream": false}]},
"mobs.Tentacruel": {"category": "hostile","sounds": [{"name": "mobs/Tentacruel","stream": false}]},
"mobs.Geodude": {"category": "hostile","sounds": [{"name": "mobs/Geodude","stream": false}]},
"mobs.Graveler": {"category": "hostile","sounds": [{"name": "mobs/Graveler","stream": false}]},
"mobs.Golem": {"category": "hostile","sounds": [{"name": "mobs/Golem","stream": false}]},
"mobs.Ponyta": {"category": "hostile","sounds": [{"name": "mobs/Ponyta","stream": false}]},
"mobs.Rapidash": {"category": "hostile","sounds": [{"name": "mobs/Rapidash","stream": false}]},
"mobs.Slowpoke": {"category": "hostile","sounds": [{"name": "mobs/Slowpoke","stream": false}]},
"mobs.Slowbro": {"category": "hostile","sounds": [{"name": "mobs/Slowbro","stream": false}]},
"mobs.Magnemite": {"category": "hostile","sounds": [{"name": "mobs/Magnemite","stream": false}]},
"mobs.Magneton": {"category": "hostile","sounds": [{"name": "mobs/Magneton","stream": false}]},
"mobs.Farfetch'd": {"category": "hostile","sounds": [{"name": "mobs/Farfetch'd","stream": false}]},
"mobs.Doduo": {"category": "hostile","sounds": [{"name": "mobs/Doduo","stream": false}]},
"mobs.Dodrio": {"category": "hostile","sounds": [{"name": "mobs/Dodrio","stream": false}]},
"mobs.Seel": {"category": "hostile","sounds": [{"name": "mobs/Seel","stream": false}]},
"mobs.Dewgong": {"category": "hostile","sounds": [{"name": "mobs/Dewgong","stream": false}]},
"mobs.Grimer": {"category": "hostile","sounds": [{"name": "mobs/Grimer","stream": false}]},
"mobs.Muk": {"category": "hostile","sounds": [{"name": "mobs/Muk","stream": false}]},
"mobs.Shellder": {"category": "hostile","sounds": [{"name": "mobs/Shellder","stream": false}]},
"mobs.Cloyster": {"category": "hostile","sounds": [{"name": "mobs/Cloyster","stream": false}]},
"mobs.Gastly": {"category": "hostile","sounds": [{"name": "mobs/Gastly","stream": false}]},
"mobs.Haunter": {"category": "hostile","sounds": [{"name": "mobs/Haunter","stream": false}]},
"mobs.Gengar": {"category": "hostile","sounds": [{"name": "mobs/Gengar","stream": false}]},
"mobs.Onix": {"category": "hostile","sounds": [{"name": "mobs/Onix","stream": false}]},
"mobs.Drowzee": {"category": "hostile","sounds": [{"name": "mobs/Drowzee","stream": false}]},
"mobs.Hypno": {"category": "hostile","sounds": [{"name": "mobs/Hypno","stream": false}]},
"mobs.Krabby": {"category": "hostile","sounds": [{"name": "mobs/Krabby","stream": false}]},
"mobs.Kingler": {"category": "hostile","sounds": [{"name": "mobs/Kingler","stream": false}]},
"mobs.Voltorb": {"category": "hostile","sounds": [{"name": "mobs/Voltorb","stream": false}]},
"mobs.Electrode": {"category": "hostile","sounds": [{"name": "mobs/Electrode","stream": false}]},
"mobs.Exeggcute": {"category": "hostile","sounds": [{"name": "mobs/Exeggcute","stream": false}]},
"mobs.Exeggutor": {"category": "hostile","sounds": [{"name": "mobs/Exeggutor","stream": false}]},
"mobs.Cubone": {"category": "hostile","sounds": [{"name": "mobs/Cubone","stream": false}]},
"mobs.Marowak": {"category": "hostile","sounds": [{"name": "mobs/Marowak","stream": false}]},
"mobs.Hitmonlee": {"category": "hostile","sounds": [{"name": "mobs/Hitmonlee","stream": false}]},
"mobs.Hitmonchan": {"category": "hostile","sounds": [{"name": "mobs/Hitmonchan","stream": false}]},
"mobs.Lickitung": {"category": "hostile","sounds": [{"name": "mobs/Lickitung","stream": false}]},
"mobs.Koffing": {"category": "hostile","sounds": [{"name": "mobs/Koffing","stream": false}]},
"mobs.Weezing": {"category": "hostile","sounds": [{"name": "mobs/Weezing","stream": false}]},
"mobs.Rhyhorn": {"category": "hostile","sounds": [{"name": "mobs/Rhyhorn","stream": false}]},
"mobs.Rhydon": {"category": "hostile","sounds": [{"name": "mobs/Rhydon","stream": false}]},
"mobs.Chansey": {"category": "hostile","sounds": [{"name": "mobs/Chansey","stream": false}]},
"mobs.Tangela": {"category": "hostile","sounds": [{"name": "mobs/Tangela","stream": false}]},
"mobs.Kangaskhan": {"category": "hostile","sounds": [{"name": "mobs/Kangaskhan","stream": false}]},
"mobs.Horsea": {"category": "hostile","sounds": [{"name": "mobs/Horsea","stream": false}]},
"mobs.Seadra": {"category": "hostile","sounds": [{"name": "mobs/Seadra","stream": false}]},
"mobs.Goldeen": {"category": "hostile","sounds": [{"name": "mobs/Goldeen","stream": false}]},
"mobs.Seaking": {"category": "hostile","sounds": [{"name": "mobs/Seaking","stream": false}]},
"mobs.Staryu": {"category": "hostile","sounds": [{"name": "mobs/Staryu","stream": false}]},
"mobs.Starmie": {"category": "hostile","sounds": [{"name": "mobs/Starmie","stream": false}]},
"mobs.Mr.mime": {"category": "hostile","sounds": [{"name": "mobs/Mr.mime","stream": false}]},
"mobs.Scyther": {"category": "hostile","sounds": [{"name": "mobs/Scyther","stream": false}]},
"mobs.Jynx": {"category": "hostile","sounds": [{"name": "mobs/Jynx","stream": false}]},
"mobs.Electabuzz": {"category": "hostile","sounds": [{"name": "mobs/Electabuzz","stream": false}]},
"mobs.Magmar": {"category": "hostile","sounds": [{"name": "mobs/Magmar","stream": false}]},
"mobs.Pinsir": {"category": "hostile","sounds": [{"name": "mobs/Pinsir","stream": false}]},
"mobs.Tauros": {"category": "hostile","sounds": [{"name": "mobs/Tauros","stream": false}]},
"mobs.Magikarp": {"category": "hostile","sounds": [{"name": "mobs/Magikarp","stream": false}]},
"mobs.Gyarados": {"category": "hostile","sounds": [{"name": "mobs/Gyarados","stream": false}]},
"mobs.Lapras": {"category": "hostile","sounds": [{"name": "mobs/Lapras","stream": false}]},
"mobs.Ditto": {"category": "hostile","sounds": [{"name": "mobs/Ditto","stream": false}]},
"mobs.Eevee": {"category": "hostile","sounds": [{"name": "mobs/Eevee","stream": false}]},
"mobs.Vaporeon": {"category": "hostile","sounds": [{"name": "mobs/Vaporeon","stream": false}]},
"mobs.Jolteon": {"category": "hostile","sounds": [{"name": "mobs/Jolteon","stream": false}]},
"mobs.Flareon": {"category": "hostile","sounds": [{"name": "mobs/Flareon","stream": false}]},
"mobs.Porygon": {"category": "hostile","sounds": [{"name": "mobs/Porygon","stream": false}]},
"mobs.Omanyte": {"category": "hostile","sounds": [{"name": "mobs/Omanyte","stream": false}]},
"mobs.Omastar": {"category": "hostile","sounds": [{"name": "mobs/Omastar","stream": false}]},
"mobs.Kabuto": {"category": "hostile","sounds": [{"name": "mobs/Kabuto","stream": false}]},
"mobs.Kabutops": {"category": "hostile","sounds": [{"name": "mobs/Kabutops","stream": false}]},
"mobs.Aerodactyl": {"category": "hostile","sounds": [{"name": "mobs/Aerodactyl","stream": false}]},
"mobs.Snorlax": {"category": "hostile","sounds": [{"name": "mobs/Snorlax","stream": false}]},
"mobs.Articuno": {"category": "hostile","sounds": [{"name": "mobs/Articuno","stream": false}]},
"mobs.Zapdos": {"category": "hostile","sounds": [{"name": "mobs/Zapdos","stream": false}]},
"mobs.Moltres": {"category": "hostile","sounds": [{"name": "mobs/Moltres","stream": false}]},
"mobs.Dratini": {"category": "hostile","sounds": [{"name": "mobs/Dratini","stream": false}]},
"mobs.Dragonair": {"category": "hostile","sounds": [{"name": "mobs/Dragonair","stream": false}]},
"mobs.Dragonite": {"category": "hostile","sounds": [{"name": "mobs/Dragonite","stream": false}]},
"mobs.Mewtwo": {"category": "hostile","sounds": [{"name": "mobs/Mewtwo","stream": false}]},
"mobs.Mew": {"category": "hostile","sounds": [{"name": "mobs/Mew","stream": false}]},
"mobs.Chikorita": {"category": "hostile","sounds": [{"name": "mobs/Chikorita","stream": false}]},
"mobs.Bayleef": {"category": "hostile","sounds": [{"name": "mobs/Bayleef","stream": false}]},
"mobs.Meganium": {"category": "hostile","sounds": [{"name": "mobs/Meganium","stream": false}]},
"mobs.Cyndaquil": {"category": "hostile","sounds": [{"name": "mobs/Cyndaquil","stream": false}]},
"mobs.Quilava": {"category": "hostile","sounds": [{"name": "mobs/Quilava","stream": false}]},
"mobs.Typhlosion": {"category": "hostile","sounds": [{"name": "mobs/Typhlosion","stream": false}]},
"mobs.Totodile": {"category": "hostile","sounds": [{"name": "mobs/Totodile","stream": false}]},
"mobs.Croconaw": {"category": "hostile","sounds": [{"name": "mobs/Croconaw","stream": false}]},
"mobs.Feraligatr": {"category": "hostile","sounds": [{"name": "mobs/Feraligatr","stream": false}]},
"mobs.Sentret": {"category": "hostile","sounds": [{"name": "mobs/Sentret","stream": false}]},
"mobs.Furret": {"category": "hostile","sounds": [{"name": "mobs/Furret","stream": false}]},
"mobs.Hoothoot": {"category": "hostile","sounds": [{"name": "mobs/Hoothoot","stream": false}]},
"mobs.Noctowl": {"category": "hostile","sounds": [{"name": "mobs/Noctowl","stream": false}]},
"mobs.Ledyba": {"category": "hostile","sounds": [{"name": "mobs/Ledyba","stream": false}]},
"mobs.Ledian": {"category": "hostile","sounds": [{"name": "mobs/Ledian","stream": false}]},
"mobs.Spinarak": {"category": "hostile","sounds": [{"name": "mobs/Spinarak","stream": false}]},
"mobs.Ariados": {"category": "hostile","sounds": [{"name": "mobs/Ariados","stream": false}]},
"mobs.Crobat": {"category": "hostile","sounds": [{"name": "mobs/Crobat","stream": false}]},
"mobs.Chinchou": {"category": "hostile","sounds": [{"name": "mobs/Chinchou","stream": false}]},
"mobs.Lanturn": {"category": "hostile","sounds": [{"name": "mobs/Lanturn","stream": false}]},
"mobs.Pichu": {"category": "hostile","sounds": [{"name": "mobs/Pichu","stream": false}]},
"mobs.Cleffa": {"category": "hostile","sounds": [{"name": "mobs/Cleffa","stream": false}]},
"mobs.Igglybuff": {"category": "hostile","sounds": [{"name": "mobs/Igglybuff","stream": false}]},
"mobs.Togepi": {"category": "hostile","sounds": [{"name": "mobs/Togepi","stream": false}]},
"mobs.Togetic": {"category": "hostile","sounds": [{"name": "mobs/Togetic","stream": false}]},
"mobs.Natu": {"category": "hostile","sounds": [{"name": "mobs/Natu","stream": false}]},
"mobs.Xatu": {"category": "hostile","sounds": [{"name": "mobs/Xatu","stream": false}]},
"mobs.Mareep": {"category": "hostile","sounds": [{"name": "mobs/Mareep","stream": false}]},
"mobs.Flaaffy": {"category": "hostile","sounds": [{"name": "mobs/Flaaffy","stream": false}]},
"mobs.Ampharos": {"category": "hostile","sounds": [{"name": "mobs/Ampharos","stream": false}]},
"mobs.Bellossom": {"category": "hostile","sounds": [{"name": "mobs/Bellossom","stream": false}]},
"mobs.Marill": {"category": "hostile","sounds": [{"name": "mobs/Marill","stream": false}]},
"mobs.Azumarill": {"category": "hostile","sounds": [{"name": "mobs/Azumarill","stream": false}]},
"mobs.Sudowoodo": {"category": "hostile","sounds": [{"name": "mobs/Sudowoodo","stream": false}]},
"mobs.Politoed": {"category": "hostile","sounds": [{"name": "mobs/Politoed","stream": false}]},
"mobs.Hoppip": {"category": "hostile","sounds": [{"name": "mobs/Hoppip","stream": false}]},
"mobs.Skiploom": {"category": "hostile","sounds": [{"name": "mobs/Skiploom","stream": false}]},
"mobs.Jumpluff": {"category": "hostile","sounds": [{"name": "mobs/Jumpluff","stream": false}]},
"mobs.Aipom": {"category": "hostile","sounds": [{"name": "mobs/Aipom","stream": false}]},
"mobs.Sunkern": {"category": "hostile","sounds": [{"name": "mobs/Sunkern","stream": false}]},
"mobs.Sunflora": {"category": "hostile","sounds": [{"name": "mobs/Sunflora","stream": false}]},
"mobs.Yanma": {"category": "hostile","sounds": [{"name": "mobs/Yanma","stream": false}]},
"mobs.Wooper": {"category": "hostile","sounds": [{"name": "mobs/Wooper","stream": false}]},
"mobs.Quagsire": {"category": "hostile","sounds": [{"name": "mobs/Quagsire","stream": false}]},
"mobs.Espeon": {"category": "hostile","sounds": [{"name": "mobs/Espeon","stream": false}]},
"mobs.Umbreon": {"category": "hostile","sounds": [{"name": "mobs/Umbreon","stream": false}]},
"mobs.Murkrow": {"category": "hostile","sounds": [{"name": "mobs/Murkrow","stream": false}]},
"mobs.Slowking": {"category": "hostile","sounds": [{"name": "mobs/Slowking","stream": false}]},
"mobs.Misdreavus": {"category": "hostile","sounds": [{"name": "mobs/Misdreavus","stream": false}]},
"mobs.Unown": {"category": "hostile","sounds": [{"name": "mobs/Unown","stream": false}]},
"mobs.Wobbuffet": {"category": "hostile","sounds": [{"name": "mobs/Wobbuffet","stream": false}]},
"mobs.Girafarig": {"category": "hostile","sounds": [{"name": "mobs/Girafarig","stream": false}]},
"mobs.Pineco": {"category": "hostile","sounds": [{"name": "mobs/Pineco","stream": false}]},
"mobs.Forretress": {"category": "hostile","sounds": [{"name": "mobs/Forretress","stream": false}]},
"mobs.Dunsparce": {"category": "hostile","sounds": [{"name": "mobs/Dunsparce","stream": false}]},
"mobs.Gligar": {"category": "hostile","sounds": [{"name": "mobs/Gligar","stream": false}]},
"mobs.Steelix": {"category": "hostile","sounds": [{"name": "mobs/Steelix","stream": false}]},
"mobs.Snubbull": {"category": "hostile","sounds": [{"name": "mobs/Snubbull","stream": false}]},
"mobs.Granbull": {"category": "hostile","sounds": [{"name": "mobs/Granbull","stream": false}]},
"mobs.Qwilfish": {"category": "hostile","sounds": [{"name": "mobs/Qwilfish","stream": false}]},
"mobs.Scizor": {"category": "hostile","sounds": [{"name": "mobs/Scizor","stream": false}]},
"mobs.Shuckle": {"category": "hostile","sounds": [{"name": "mobs/Shuckle","stream": false}]},
"mobs.Heracross": {"category": "hostile","sounds": [{"name": "mobs/Heracross","stream": false}]},
"mobs.Sneasel": {"category": "hostile","sounds": [{"name": "mobs/Sneasel","stream": false}]},
"mobs.Teddiursa": {"category": "hostile","sounds": [{"name": "mobs/Teddiursa","stream": false}]},
"mobs.Ursaring": {"category": "hostile","sounds": [{"name": "mobs/Ursaring","stream": false}]},
"mobs.Slugma": {"category": "hostile","sounds": [{"name": "mobs/Slugma","stream": false}]},
"mobs.Magcargo": {"category": "hostile","sounds": [{"name": "mobs/Magcargo","stream": false}]},
"mobs.Swinub": {"category": "hostile","sounds": [{"name": "mobs/Swinub","stream": false}]},
"mobs.Piloswine": {"category": "hostile","sounds": [{"name": "mobs/Piloswine","stream": false}]},
"mobs.Corsola": {"category": "hostile","sounds": [{"name": "mobs/Corsola","stream": false}]},
"mobs.Remoraid": {"category": "hostile","sounds": [{"name": "mobs/Remoraid","stream": false}]},
"mobs.Octillery": {"category": "hostile","sounds": [{"name": "mobs/Octillery","stream": false}]},
"mobs.Delibird": {"category": "hostile","sounds": [{"name": "mobs/Delibird","stream": false}]},
"mobs.Mantine": {"category": "hostile","sounds": [{"name": "mobs/Mantine","stream": false}]},
"mobs.Skarmory": {"category": "hostile","sounds": [{"name": "mobs/Skarmory","stream": false}]},
"mobs.Houndour": {"category": "hostile","sounds": [{"name": "mobs/Houndour","stream": false}]},
"mobs.Houndoom": {"category": "hostile","sounds": [{"name": "mobs/Houndoom","stream": false}]},
"mobs.Kingdra": {"category": "hostile","sounds": [{"name": "mobs/Kingdra","stream": false}]},
"mobs.Phanpy": {"category": "hostile","sounds": [{"name": "mobs/Phanpy","stream": false}]},
"mobs.Donphan": {"category": "hostile","sounds": [{"name": "mobs/Donphan","stream": false}]},
"mobs.Porygon2": {"category": "hostile","sounds": [{"name": "mobs/Porygon2","stream": false}]},
"mobs.Stantler": {"category": "hostile","sounds": [{"name": "mobs/Stantler","stream": false}]},
"mobs.Smeargle": {"category": "hostile","sounds": [{"name": "mobs/Smeargle","stream": false}]},
"mobs.Tyrogue": {"category": "hostile","sounds": [{"name": "mobs/Tyrogue","stream": false}]},
"mobs.Hitmontop": {"category": "hostile","sounds": [{"name": "mobs/Hitmontop","stream": false}]},
"mobs.Smoochum": {"category": "hostile","sounds": [{"name": "mobs/Smoochum","stream": false}]},
"mobs.Elekid": {"category": "hostile","sounds": [{"name": "mobs/Elekid","stream": false}]},
"mobs.Magby": {"category": "hostile","sounds": [{"name": "mobs/Magby","stream": false}]},
"mobs.Miltank": {"category": "hostile","sounds": [{"name": "mobs/Miltank","stream": false}]},
"mobs.Blissey": {"category": "hostile","sounds": [{"name": "mobs/Blissey","stream": false}]},
"mobs.Raikou": {"category": "hostile","sounds": [{"name": "mobs/Raikou","stream": false}]},
"mobs.Entei": {"category": "hostile","sounds": [{"name": "mobs/Entei","stream": false}]},
"mobs.Suicune": {"category": "hostile","sounds": [{"name": "mobs/Suicune","stream": false}]},
"mobs.Larvitar": {"category": "hostile","sounds": [{"name": "mobs/Larvitar","stream": false}]},
"mobs.Pupitar": {"category": "hostile","sounds": [{"name": "mobs/Pupitar","stream": false}]},
"mobs.Tyranitar": {"category": "hostile","sounds": [{"name": "mobs/Tyranitar","stream": false}]},
"mobs.Lugia": {"category": "hostile","sounds": [{"name": "mobs/Lugia","stream": false}]},
"mobs.Ho-Oh": {"category": "hostile","sounds": [{"name": "mobs/Ho-Oh","stream": false}]},
"mobs.Celebi": {"category": "hostile","sounds": [{"name": "mobs/Celebi","stream": false}]},
"mobs.Treecko": {"category": "hostile","sounds": [{"name": "mobs/Treecko","stream": false}]},
"mobs.Grovyle": {"category": "hostile","sounds": [{"name": "mobs/Grovyle","stream": false}]},
"mobs.Sceptile": {"category": "hostile","sounds": [{"name": "mobs/Sceptile","stream": false}]},
"mobs.Torchic": {"category": "hostile","sounds": [{"name": "mobs/Torchic","stream": false}]},
"mobs.Combusken": {"category": "hostile","sounds": [{"name": "mobs/Combusken","stream": false}]},
"mobs.Blaziken": {"category": "hostile","sounds": [{"name": "mobs/Blaziken","stream": false}]},
"mobs.Mudkip": {"category": "hostile","sounds": [{"name": "mobs/Mudkip","stream": false}]},
"mobs.Marshtomp": {"category": "hostile","sounds": [{"name": "mobs/Marshtomp","stream": false}]},
"mobs.Swampert": {"category": "hostile","sounds": [{"name": "mobs/Swampert","stream": false}]},
"mobs.Poochyena": {"category": "hostile","sounds": [{"name": "mobs/Poochyena","stream": false}]},
"mobs.Mightyena": {"category": "hostile","sounds": [{"name": "mobs/Mightyena","stream": false}]},
"mobs.Zigzagoon": {"category": "hostile","sounds": [{"name": "mobs/Zigzagoon","stream": false}]},
"mobs.Linoone": {"category": "hostile","sounds": [{"name": "mobs/Linoone","stream": false}]},
"mobs.Wurmple": {"category": "hostile","sounds": [{"name": "mobs/Wurmple","stream": false}]},
"mobs.Silcoon": {"category": "hostile","sounds": [{"name": "mobs/Silcoon","stream": false}]},
"mobs.Beautifly": {"category": "hostile","sounds": [{"name": "mobs/Beautifly","stream": false}]},
"mobs.Cascoon": {"category": "hostile","sounds": [{"name": "mobs/Cascoon","stream": false}]},
"mobs.Dustox": {"category": "hostile","sounds": [{"name": "mobs/Dustox","stream": false}]},
"mobs.Lotad": {"category": "hostile","sounds": [{"name": "mobs/Lotad","stream": false}]},
"mobs.Lombre": {"category": "hostile","sounds": [{"name": "mobs/Lombre","stream": false}]},
"mobs.Ludicolo": {"category": "hostile","sounds": [{"name": "mobs/Ludicolo","stream": false}]},
"mobs.Seedot": {"category": "hostile","sounds": [{"name": "mobs/Seedot","stream": false}]},
"mobs.Nuzleaf": {"category": "hostile","sounds": [{"name": "mobs/Nuzleaf","stream": false}]},
"mobs.Shiftry": {"category": "hostile","sounds": [{"name": "mobs/Shiftry","stream": false}]},
"mobs.Taillow": {"category": "hostile","sounds": [{"name": "mobs/Taillow","stream": false}]},
"mobs.Swellow": {"category": "hostile","sounds": [{"name": "mobs/Swellow","stream": false}]},
"mobs.Wingull": {"category": "hostile","sounds": [{"name": "mobs/Wingull","stream": false}]},
"mobs.Pelipper": {"category": "hostile","sounds": [{"name": "mobs/Pelipper","stream": false}]},
"mobs.Ralts": {"category": "hostile","sounds": [{"name": "mobs/Ralts","stream": false}]},
"mobs.Kirlia": {"category": "hostile","sounds": [{"name": "mobs/Kirlia","stream": false}]},
"mobs.Gardevoir": {"category": "hostile","sounds": [{"name": "mobs/Gardevoir","stream": false}]},
"mobs.Surskit": {"category": "hostile","sounds": [{"name": "mobs/Surskit","stream": false}]},
"mobs.Masquerain": {"category": "hostile","sounds": [{"name": "mobs/Masquerain","stream": false}]},
"mobs.Shroomish": {"category": "hostile","sounds": [{"name": "mobs/Shroomish","stream": false}]},
"mobs.Breloom": {"category": "hostile","sounds": [{"name": "mobs/Breloom","stream": false}]},
"mobs.Slakoth": {"category": "hostile","sounds": [{"name": "mobs/Slakoth","stream": false}]},
"mobs.Vigoroth": {"category": "hostile","sounds": [{"name": "mobs/Vigoroth","stream": false}]},
"mobs.Slaking": {"category": "hostile","sounds": [{"name": "mobs/Slaking","stream": false}]},
"mobs.Nincada": {"category": "hostile","sounds": [{"name": "mobs/Nincada","stream": false}]},
"mobs.Ninjask": {"category": "hostile","sounds": [{"name": "mobs/Ninjask","stream": false}]},
"mobs.Shedinja": {"category": "hostile","sounds": [{"name": "mobs/Shedinja","stream": false}]},
"mobs.Whismur": {"category": "hostile","sounds": [{"name": "mobs/Whismur","stream": false}]},
"mobs.Loudred": {"category": "hostile","sounds": [{"name": "mobs/Loudred","stream": false}]},
"mobs.Exploud": {"category": "hostile","sounds": [{"name": "mobs/Exploud","stream": false}]},
"mobs.Makuhita": {"category": "hostile","sounds": [{"name": "mobs/Makuhita","stream": false}]},
"mobs.Hariyama": {"category": "hostile","sounds": [{"name": "mobs/Hariyama","stream": false}]},
"mobs.Azurill": {"category": "hostile","sounds": [{"name": "mobs/Azurill","stream": false}]},
"mobs.Nosepass": {"category": "hostile","sounds": [{"name": "mobs/Nosepass","stream": false}]},
"mobs.Skitty": {"category": "hostile","sounds": [{"name": "mobs/Skitty","stream": false}]},
"mobs.Delcatty": {"category": "hostile","sounds": [{"name": "mobs/Delcatty","stream": false}]},
"mobs.Sableye": {"category": "hostile","sounds": [{"name": "mobs/Sableye","stream": false}]},
"mobs.Mawile": {"category": "hostile","sounds": [{"name": "mobs/Mawile","stream": false}]},
"mobs.Aron": {"category": "hostile","sounds": [{"name": "mobs/Aron","stream": false}]},
"mobs.Lairon": {"category": "hostile","sounds": [{"name": "mobs/Lairon","stream": false}]},
"mobs.Aggron": {"category": "hostile","sounds": [{"name": "mobs/Aggron","stream": false}]},
"mobs.Meditite": {"category": "hostile","sounds": [{"name": "mobs/Meditite","stream": false}]},
"mobs.Medicham": {"category": "hostile","sounds": [{"name": "mobs/Medicham","stream": false}]},
"mobs.Electrike": {"category": "hostile","sounds": [{"name": "mobs/Electrike","stream": false}]},
"mobs.Manectric": {"category": "hostile","sounds": [{"name": "mobs/Manectric","stream": false}]},
"mobs.Plusle": {"category": "hostile","sounds": [{"name": "mobs/Plusle","stream": false}]},
"mobs.Minun": {"category": "hostile","sounds": [{"name": "mobs/Minun","stream": false}]},
"mobs.Volbeat": {"category": "hostile","sounds": [{"name": "mobs/Volbeat","stream": false}]},
"mobs.Illumise": {"category": "hostile","sounds": [{"name": "mobs/Illumise","stream": false}]},
"mobs.Roselia": {"category": "hostile","sounds": [{"name": "mobs/Roselia","stream": false}]},
"mobs.Gulpin": {"category": "hostile","sounds": [{"name": "mobs/Gulpin","stream": false}]},
"mobs.Swalot": {"category": "hostile","sounds": [{"name": "mobs/Swalot","stream": false}]},
"mobs.Carvanha": {"category": "hostile","sounds": [{"name": "mobs/Carvanha","stream": false}]},
"mobs.Sharpedo": {"category": "hostile","sounds": [{"name": "mobs/Sharpedo","stream": false}]},
"mobs.Wailmer": {"category": "hostile","sounds": [{"name": "mobs/Wailmer","stream": false}]},
"mobs.Wailord": {"category": "hostile","sounds": [{"name": "mobs/Wailord","stream": false}]},
"mobs.Numel": {"category": "hostile","sounds": [{"name": "mobs/Numel","stream": false}]},
"mobs.Camerupt": {"category": "hostile","sounds": [{"name": "mobs/Camerupt","stream": false}]},
"mobs.Torkoal": {"category": "hostile","sounds": [{"name": "mobs/Torkoal","stream": false}]},
"mobs.Spoink": {"category": "hostile","sounds": [{"name": "mobs/Spoink","stream": false}]},
"mobs.Grumpig": {"category": "hostile","sounds": [{"name": "mobs/Grumpig","stream": false}]},
"mobs.Spinda": {"category": "hostile","sounds": [{"name": "mobs/Spinda","stream": false}]},
"mobs.Trapinch": {"category": "hostile","sounds": [{"name": "mobs/Trapinch","stream": false}]},
"mobs.Vibrava": {"category": "hostile","sounds": [{"name": "mobs/Vibrava","stream": false}]},
"mobs.Flygon": {"category": "hostile","sounds": [{"name": "mobs/Flygon","stream": false}]},
"mobs.Cacnea": {"category": "hostile","sounds": [{"name": "mobs/Cacnea","stream": false}]},
"mobs.Cacturne": {"category": "hostile","sounds": [{"name": "mobs/Cacturne","stream": false}]},
"mobs.Swablu": {"category": "hostile","sounds": [{"name": "mobs/Swablu","stream": false}]},
"mobs.Altaria": {"category": "hostile","sounds": [{"name": "mobs/Altaria","stream": false}]},
"mobs.Zangoose": {"category": "hostile","sounds": [{"name": "mobs/Zangoose","stream": false}]},
"mobs.Seviper": {"category": "hostile","sounds": [{"name": "mobs/Seviper","stream": false}]},
"mobs.Lunatone": {"category": "hostile","sounds": [{"name": "mobs/Lunatone","stream": false}]},
"mobs.Solrock": {"category": "hostile","sounds": [{"name": "mobs/Solrock","stream": false}]},
"mobs.Barboach": {"category": "hostile","sounds": [{"name": "mobs/Barboach","stream": false}]},
"mobs.Whiscash": {"category": "hostile","sounds": [{"name": "mobs/Whiscash","stream": false}]},
"mobs.Corphish": {"category": "hostile","sounds": [{"name": "mobs/Corphish","stream": false}]},
"mobs.Crawdaunt": {"category": "hostile","sounds": [{"name": "mobs/Crawdaunt","stream": false}]},
"mobs.Baltoy": {"category": "hostile","sounds": [{"name": "mobs/Baltoy","stream": false}]},
"mobs.Claydol": {"category": "hostile","sounds": [{"name": "mobs/Claydol","stream": false}]},
"mobs.Lileep": {"category": "hostile","sounds": [{"name": "mobs/Lileep","stream": false}]},
"mobs.Cradily": {"category": "hostile","sounds": [{"name": "mobs/Cradily","stream": false}]},
"mobs.Anorith": {"category": "hostile","sounds": [{"name": "mobs/Anorith","stream": false}]},
"mobs.Armaldo": {"category": "hostile","sounds": [{"name": "mobs/Armaldo","stream": false}]},
"mobs.Feebas": {"category": "hostile","sounds": [{"name": "mobs/Feebas","stream": false}]},
"mobs.Milotic": {"category": "hostile","sounds": [{"name": "mobs/Milotic","stream": false}]},
"mobs.Castform": {"category": "hostile","sounds": [{"name": "mobs/Castform","stream": false}]},
"mobs.Kecleon": {"category": "hostile","sounds": [{"name": "mobs/Kecleon","stream": false}]},
"mobs.Shuppet": {"category": "hostile","sounds": [{"name": "mobs/Shuppet","stream": false}]},
"mobs.Banette": {"category": "hostile","sounds": [{"name": "mobs/Banette","stream": false}]},
"mobs.Duskull": {"category": "hostile","sounds": [{"name": "mobs/Duskull","stream": false}]},
"mobs.Dusclops": {"category": "hostile","sounds": [{"name": "mobs/Dusclops","stream": false}]},
"mobs.Tropius": {"category": "hostile","sounds": [{"name": "mobs/Tropius","stream": false}]},
"mobs.Chimecho": {"category": "hostile","sounds": [{"name": "mobs/Chimecho","stream": false}]},
"mobs.Absol": {"category": "hostile","sounds": [{"name": "mobs/Absol","stream": false}]},
"mobs.Wynaut": {"category": "hostile","sounds": [{"name": "mobs/Wynaut","stream": false}]},
"mobs.Snorunt": {"category": "hostile","sounds": [{"name": "mobs/Snorunt","stream": false}]},
"mobs.Glalie": {"category": "hostile","sounds": [{"name": "mobs/Glalie","stream": false}]},
"mobs.Spheal": {"category": "hostile","sounds": [{"name": "mobs/Spheal","stream": false}]},
"mobs.Sealeo": {"category": "hostile","sounds": [{"name": "mobs/Sealeo","stream": false}]},
"mobs.Walrein": {"category": "hostile","sounds": [{"name": "mobs/Walrein","stream": false}]},
"mobs.Clamperl": {"category": "hostile","sounds": [{"name": "mobs/Clamperl","stream": false}]},
"mobs.Huntail": {"category": "hostile","sounds": [{"name": "mobs/Huntail","stream": false}]},
"mobs.Gorebyss": {"category": "hostile","sounds": [{"name": "mobs/Gorebyss","stream": false}]},
"mobs.Relicanth": {"category": "hostile","sounds": [{"name": "mobs/Relicanth","stream": false}]},
"mobs.Luvdisc": {"category": "hostile","sounds": [{"name": "mobs/Luvdisc","stream": false}]},
"mobs.Bagon": {"category": "hostile","sounds": [{"name": "mobs/Bagon","stream": false}]},
"mobs.Shelgon": {"category": "hostile","sounds": [{"name": "mobs/Shelgon","stream": false}]},
"mobs.Salamence": {"category": "hostile","sounds": [{"name": "mobs/Salamence","stream": false}]},
"mobs.Beldum": {"category": "hostile","sounds": [{"name": "mobs/Beldum","stream": false}]},
"mobs.Metang": {"category": "hostile","sounds": [{"name": "mobs/Metang","stream": false}]},
"mobs.Metagross": {"category": "hostile","sounds": [{"name": "mobs/Metagross","stream": false}]},
"mobs.Regirock": {"category": "hostile","sounds": [{"name": "mobs/Regirock","stream": false}]},
"mobs.Regice": {"category": "hostile","sounds": [{"name": "mobs/Regice","stream": false}]},
"mobs.Registeel": {"category": "hostile","sounds": [{"name": "mobs/Registeel","stream": false}]},
"mobs.Latias": {"category": "hostile","sounds": [{"name": "mobs/Latias","stream": false}]},
"mobs.Latios": {"category": "hostile","sounds": [{"name": "mobs/Latios","stream": false}]},
"mobs.Kyogre": {"category": "hostile","sounds": [{"name": "mobs/Kyogre","stream": false}]},
"mobs.Groudon": {"category": "hostile","sounds": [{"name": "mobs/Groudon","stream": false}]},
"mobs.Rayquaza": {"category": "hostile","sounds": [{"name": "mobs/Rayquaza","stream": false}]},
"mobs.Jirachi": {"category": "hostile","sounds": [{"name": "mobs/Jirachi","stream": false}]},
"mobs.Deoxys": {"category": "hostile","sounds": [{"name": "mobs/Deoxys","stream": false}]},
"mobs.Turtwig": {"category": "hostile","sounds": [{"name": "mobs/Turtwig","stream": false}]},
"mobs.Grotle": {"category": "hostile","sounds": [{"name": "mobs/Grotle","stream": false}]},
"mobs.Torterra": {"category": "hostile","sounds": [{"name": "mobs/Torterra","stream": false}]},
"mobs.Chimchar": {"category": "hostile","sounds": [{"name": "mobs/Chimchar","stream": false}]},
"mobs.Monferno": {"category": "hostile","sounds": [{"name": "mobs/Monferno","stream": false}]},
"mobs.Infernape": {"category": "hostile","sounds": [{"name": "mobs/Infernape","stream": false}]},
"mobs.Piplup": {"category": "hostile","sounds": [{"name": "mobs/Piplup","stream": false}]},
"mobs.Prinplup": {"category": "hostile","sounds": [{"name": "mobs/Prinplup","stream": false}]},
"mobs.Empoleon": {"category": "hostile","sounds": [{"name": "mobs/Empoleon","stream": false}]},
"mobs.Starly": {"category": "hostile","sounds": [{"name": "mobs/Starly","stream": false}]},
"mobs.Staravia": {"category": "hostile","sounds": [{"name": "mobs/Staravia","stream": false}]},
"mobs.Staraptor": {"category": "hostile","sounds": [{"name": "mobs/Staraptor","stream": false}]},
"mobs.Bidoof": {"category": "hostile","sounds": [{"name": "mobs/Bidoof","stream": false}]},
"mobs.Bibarel": {"category": "hostile","sounds": [{"name": "mobs/Bibarel","stream": false}]},
"mobs.Kricketot": {"category": "hostile","sounds": [{"name": "mobs/Kricketot","stream": false}]},
"mobs.Kricketune": {"category": "hostile","sounds": [{"name": "mobs/Kricketune","stream": false}]},
"mobs.Shinx": {"category": "hostile","sounds": [{"name": "mobs/Shinx","stream": false}]},
"mobs.Luxio": {"category": "hostile","sounds": [{"name": "mobs/Luxio","stream": false}]},
"mobs.Luxray": {"category": "hostile","sounds": [{"name": "mobs/Luxray","stream": false}]},
"mobs.Budew": {"category": "hostile","sounds": [{"name": "mobs/Budew","stream": false}]},
"mobs.Roserade": {"category": "hostile","sounds": [{"name": "mobs/Roserade","stream": false}]},
"mobs.Cranidos": {"category": "hostile","sounds": [{"name": "mobs/Cranidos","stream": false}]},
"mobs.Rampardos": {"category": "hostile","sounds": [{"name": "mobs/Rampardos","stream": false}]},
"mobs.Shieldon": {"category": "hostile","sounds": [{"name": "mobs/Shieldon","stream": false}]},
"mobs.Bastiodon": {"category": "hostile","sounds": [{"name": "mobs/Bastiodon","stream": false}]},
"mobs.Burmy": {"category": "hostile","sounds": [{"name": "mobs/Burmy","stream": false}]},
"mobs.Wormadam": {"category": "hostile","sounds": [{"name": "mobs/Wormadam","stream": false}]},
"mobs.Mothim": {"category": "hostile","sounds": [{"name": "mobs/Mothim","stream": false}]},
"mobs.Combee": {"category": "hostile","sounds": [{"name": "mobs/Combee","stream": false}]},
"mobs.Vespiquen": {"category": "hostile","sounds": [{"name": "mobs/Vespiquen","stream": false}]},
"mobs.Pachirisu": {"category": "hostile","sounds": [{"name": "mobs/Pachirisu","stream": false}]},
"mobs.Buizel": {"category": "hostile","sounds": [{"name": "mobs/Buizel","stream": false}]},
"mobs.Floatzel": {"category": "hostile","sounds": [{"name": "mobs/Floatzel","stream": false}]},
"mobs.Cherubi": {"category": "hostile","sounds": [{"name": "mobs/Cherubi","stream": false}]},
"mobs.Cherrim": {"category": "hostile","sounds": [{"name": "mobs/Cherrim","stream": false}]},
"mobs.Shellos": {"category": "hostile","sounds": [{"name": "mobs/Shellos","stream": false}]},
"mobs.Gastrodon": {"category": "hostile","sounds": [{"name": "mobs/Gastrodon","stream": false}]},
"mobs.Ambipom": {"category": "hostile","sounds": [{"name": "mobs/Ambipom","stream": false}]},
"mobs.Drifloon": {"category": "hostile","sounds": [{"name": "mobs/Drifloon","stream": false}]},
"mobs.Drifblim": {"category": "hostile","sounds": [{"name": "mobs/Drifblim","stream": false}]},
"mobs.Buneary": {"category": "hostile","sounds": [{"name": "mobs/Buneary","stream": false}]},
"mobs.Lopunny": {"category": "hostile","sounds": [{"name": "mobs/Lopunny","stream": false}]},
"mobs.Mismagius": {"category": "hostile","sounds": [{"name": "mobs/Mismagius","stream": false}]},
"mobs.Honchkrow": {"category": "hostile","sounds": [{"name": "mobs/Honchkrow","stream": false}]},
"mobs.Glameow": {"category": "hostile","sounds": [{"name": "mobs/Glameow","stream": false}]},
"mobs.Purugly": {"category": "hostile","sounds": [{"name": "mobs/Purugly","stream": false}]},
"mobs.Chingling": {"category": "hostile","sounds": [{"name": "mobs/Chingling","stream": false}]},
"mobs.Stunky": {"category": "hostile","sounds": [{"name": "mobs/Stunky","stream": false}]},
"mobs.Skuntank": {"category": "hostile","sounds": [{"name": "mobs/Skuntank","stream": false}]},
"mobs.Bronzor": {"category": "hostile","sounds": [{"name": "mobs/Bronzor","stream": false}]},
"mobs.Bronzong": {"category": "hostile","sounds": [{"name": "mobs/Bronzong","stream": false}]},
"mobs.Bonsly": {"category": "hostile","sounds": [{"name": "mobs/Bonsly","stream": false}]},
"mobs.Mimejr.": {"category": "hostile","sounds": [{"name": "mobs/Mimejr.","stream": false}]},
"mobs.Happiny": {"category": "hostile","sounds": [{"name": "mobs/Happiny","stream": false}]},
"mobs.Chatot": {"category": "hostile","sounds": [{"name": "mobs/Chatot","stream": false}]},
"mobs.Spiritomb": {"category": "hostile","sounds": [{"name": "mobs/Spiritomb","stream": false}]},
"mobs.Gible": {"category": "hostile","sounds": [{"name": "mobs/Gible","stream": false}]},
"mobs.Gabite": {"category": "hostile","sounds": [{"name": "mobs/Gabite","stream": false}]},
"mobs.Garchomp": {"category": "hostile","sounds": [{"name": "mobs/Garchomp","stream": false}]},
"mobs.Munchlax": {"category": "hostile","sounds": [{"name": "mobs/Munchlax","stream": false}]},
"mobs.Riolu": {"category": "hostile","sounds": [{"name": "mobs/Riolu","stream": false}]},
"mobs.Lucario": {"category": "hostile","sounds": [{"name": "mobs/Lucario","stream": false}]},
"mobs.Hippopotas": {"category": "hostile","sounds": [{"name": "mobs/Hippopotas","stream": false}]},
"mobs.Hippowdon": {"category": "hostile","sounds": [{"name": "mobs/Hippowdon","stream": false}]},
"mobs.Skorupi": {"category": "hostile","sounds": [{"name": "mobs/Skorupi","stream": false}]},
"mobs.Drapion": {"category": "hostile","sounds": [{"name": "mobs/Drapion","stream": false}]},
"mobs.Croagunk": {"category": "hostile","sounds": [{"name": "mobs/Croagunk","stream": false}]},
"mobs.Toxicroak": {"category": "hostile","sounds": [{"name": "mobs/Toxicroak","stream": false}]},
"mobs.Carnivine": {"category": "hostile","sounds": [{"name": "mobs/Carnivine","stream": false}]},
"mobs.Finneon": {"category": "hostile","sounds": [{"name": "mobs/Finneon","stream": false}]},
"mobs.Lumineon": {"category": "hostile","sounds": [{"name": "mobs/Lumineon","stream": false}]},
"mobs.Mantyke": {"category": "hostile","sounds": [{"name": "mobs/Mantyke","stream": false}]},
"mobs.Snover": {"category": "hostile","sounds": [{"name": "mobs/Snover","stream": false}]},
"mobs.Abomasnow": {"category": "hostile","sounds": [{"name": "mobs/Abomasnow","stream": false}]},
"mobs.Weavile": {"category": "hostile","sounds": [{"name": "mobs/Weavile","stream": false}]},
"mobs.Magnezone": {"category": "hostile","sounds": [{"name": "mobs/Magnezone","stream": false}]},
"mobs.Lickilicky": {"category": "hostile","sounds": [{"name": "mobs/Lickilicky","stream": false}]},
"mobs.Rhyperior": {"category": "hostile","sounds": [{"name": "mobs/Rhyperior","stream": false}]},
"mobs.Tangrowth": {"category": "hostile","sounds": [{"name": "mobs/Tangrowth","stream": false}]},
"mobs.Electivire": {"category": "hostile","sounds": [{"name": "mobs/Electivire","stream": false}]},
"mobs.Magmortar": {"category": "hostile","sounds": [{"name": "mobs/Magmortar","stream": false}]},
"mobs.Togekiss": {"category": "hostile","sounds": [{"name": "mobs/Togekiss","stream": false}]},
"mobs.Yanmega": {"category": "hostile","sounds": [{"name": "mobs/Yanmega","stream": false}]},
"mobs.Leafeon": {"category": "hostile","sounds": [{"name": "mobs/Leafeon","stream": false}]},
"mobs.Glaceon": {"category": "hostile","sounds": [{"name": "mobs/Glaceon","stream": false}]},
"mobs.Gliscor": {"category": "hostile","sounds": [{"name": "mobs/Gliscor","stream": false}]},
"mobs.Mamoswine": {"category": "hostile","sounds": [{"name": "mobs/Mamoswine","stream": false}]},
"mobs.Porygon-Z": {"category": "hostile","sounds": [{"name": "mobs/Porygon-Z","stream": false}]},
"mobs.Gallade": {"category": "hostile","sounds": [{"name": "mobs/Gallade","stream": false}]},
"mobs.Probopass": {"category": "hostile","sounds": [{"name": "mobs/Probopass","stream": false}]},
"mobs.Dusknoir": {"category": "hostile","sounds": [{"name": "mobs/Dusknoir","stream": false}]},
"mobs.Froslass": {"category": "hostile","sounds": [{"name": "mobs/Froslass","stream": false}]},
"mobs.Rotom": {"category": "hostile","sounds": [{"name": "mobs/Rotom","stream": false}]},
"mobs.Uxie": {"category": "hostile","sounds": [{"name": "mobs/Uxie","stream": false}]},
"mobs.Mesprit": {"category": "hostile","sounds": [{"name": "mobs/Mesprit","stream": false}]},
"mobs.Azelf": {"category": "hostile","sounds": [{"name": "mobs/Azelf","stream": false}]},
"mobs.Dialga": {"category": "hostile","sounds": [{"name": "mobs/Dialga","stream": false}]},
"mobs.Palkia": {"category": "hostile","sounds": [{"name": "mobs/Palkia","stream": false}]},
"mobs.Heatran": {"category": "hostile","sounds": [{"name": "mobs/Heatran","stream": false}]},
"mobs.Regigigas": {"category": "hostile","sounds": [{"name": "mobs/Regigigas","stream": false}]},
"mobs.Giratina": {"category": "hostile","sounds": [{"name": "mobs/Giratina","stream": false}]},
"mobs.Cresselia": {"category": "hostile","sounds": [{"name": "mobs/Cresselia","stream": false}]},
"mobs.Phione": {"category": "hostile","sounds": [{"name": "mobs/Phione","stream": false}]},
"mobs.Manaphy": {"category": "hostile","sounds": [{"name": "mobs/Manaphy","stream": false}]},
"mobs.Darkrai": {"category": "hostile","sounds": [{"name": "mobs/Darkrai","stream": false}]},
"mobs.Shaymin": {"category": "hostile","sounds": [{"name": "mobs/Shaymin","stream": false}]},
"mobs.Arceus": {"category": "hostile","sounds": [{"name": "mobs/Arceus","stream": false}]},
"mobs.Victini": {"category": "hostile","sounds": [{"name": "mobs/Victini","stream": false}]},
"mobs.Snivy": {"category": "hostile","sounds": [{"name": "mobs/Snivy","stream": false}]},
"mobs.Servine": {"category": "hostile","sounds": [{"name": "mobs/Servine","stream": false}]},
"mobs.Serperior": {"category": "hostile","sounds": [{"name": "mobs/Serperior","stream": false}]},
"mobs.Tepig": {"category": "hostile","sounds": [{"name": "mobs/Tepig","stream": false}]},
"mobs.Pignite": {"category": "hostile","sounds": [{"name": "mobs/Pignite","stream": false}]},
"mobs.Emboar": {"category": "hostile","sounds": [{"name": "mobs/Emboar","stream": false}]},
"mobs.Oshawott": {"category": "hostile","sounds": [{"name": "mobs/Oshawott","stream": false}]},
"mobs.Dewott": {"category": "hostile","sounds": [{"name": "mobs/Dewott","stream": false}]},
"mobs.Samurott": {"category": "hostile","sounds": [{"name": "mobs/Samurott","stream": false}]},
"mobs.Patrat": {"category": "hostile","sounds": [{"name": "mobs/Patrat","stream": false}]},
"mobs.Watchog": {"category": "hostile","sounds": [{"name": "mobs/Watchog","stream": false}]},
"mobs.Lillipup": {"category": "hostile","sounds": [{"name": "mobs/Lillipup","stream": false}]},
"mobs.Herdier": {"category": "hostile","sounds": [{"name": "mobs/Herdier","stream": false}]},
"mobs.Stoutland": {"category": "hostile","sounds": [{"name": "mobs/Stoutland","stream": false}]},
"mobs.Purrloin": {"category": "hostile","sounds": [{"name": "mobs/Purrloin","stream": false}]},
"mobs.Liepard": {"category": "hostile","sounds": [{"name": "mobs/Liepard","stream": false}]},
"mobs.Pansage": {"category": "hostile","sounds": [{"name": "mobs/Pansage","stream": false}]},
"mobs.Simisage": {"category": "hostile","sounds": [{"name": "mobs/Simisage","stream": false}]},
"mobs.Pansear": {"category": "hostile","sounds": [{"name": "mobs/Pansear","stream": false}]},
"mobs.Simisear": {"category": "hostile","sounds": [{"name": "mobs/Simisear","stream": false}]},
"mobs.Panpour": {"category": "hostile","sounds": [{"name": "mobs/Panpour","stream": false}]},
"mobs.Simipour": {"category": "hostile","sounds": [{"name": "mobs/Simipour","stream": false}]},
"mobs.Munna": {"category": "hostile","sounds": [{"name": "mobs/Munna","stream": false}]},
"mobs.Musharna": {"category": "hostile","sounds": [{"name": "mobs/Musharna","stream": false}]},
"mobs.Pidove": {"category": "hostile","sounds": [{"name": "mobs/Pidove","stream": false}]},
"mobs.Tranquill": {"category": "hostile","sounds": [{"name": "mobs/Tranquill","stream": false}]},
"mobs.Unfezant": {"category": "hostile","sounds": [{"name": "mobs/Unfezant","stream": false}]},
"mobs.Blitzle": {"category": "hostile","sounds": [{"name": "mobs/Blitzle","stream": false}]},
"mobs.Zebstrika": {"category": "hostile","sounds": [{"name": "mobs/Zebstrika","stream": false}]},
"mobs.Roggenrola": {"category": "hostile","sounds": [{"name": "mobs/Roggenrola","stream": false}]},
"mobs.Boldore": {"category": "hostile","sounds": [{"name": "mobs/Boldore","stream": false}]},
"mobs.Gigalith": {"category": "hostile","sounds": [{"name": "mobs/Gigalith","stream": false}]},
"mobs.Woobat": {"category": "hostile","sounds": [{"name": "mobs/Woobat","stream": false}]},
"mobs.Swoobat": {"category": "hostile","sounds": [{"name": "mobs/Swoobat","stream": false}]},
"mobs.Drilbur": {"category": "hostile","sounds": [{"name": "mobs/Drilbur","stream": false}]},
"mobs.Excadrill": {"category": "hostile","sounds": [{"name": "mobs/Excadrill","stream": false}]},
"mobs.Audino": {"category": "hostile","sounds": [{"name": "mobs/Audino","stream": false}]},
"mobs.Timburr": {"category": "hostile","sounds": [{"name": "mobs/Timburr","stream": false}]},
"mobs.Gurdurr": {"category": "hostile","sounds": [{"name": "mobs/Gurdurr","stream": false}]},
"mobs.Conkeldurr": {"category": "hostile","sounds": [{"name": "mobs/Conkeldurr","stream": false}]},
"mobs.Tympole": {"category": "hostile","sounds": [{"name": "mobs/Tympole","stream": false}]},
"mobs.Palpitoad": {"category": "hostile","sounds": [{"name": "mobs/Palpitoad","stream": false}]},
"mobs.Seismitoad": {"category": "hostile","sounds": [{"name": "mobs/Seismitoad","stream": false}]},
//"mobs.Throh": {"category": "hostile","sounds": [{"name": "mobs/Throh","stream": false}]},
//"mobs.Sawk": {"category": "hostile","sounds": [{"name": "mobs/Sawk","stream": false}]},
//"mobs.Sewaddle": {"category": "hostile","sounds": [{"name": "mobs/Sewaddle","stream": false}]},
//"mobs.Swadloon": {"category": "hostile","sounds": [{"name": "mobs/Swadloon","stream": false}]},
//"mobs.Leavanny": {"category": "hostile","sounds": [{"name": "mobs/Leavanny","stream": false}]},
"mobs.Venipede": {"category": "hostile","sounds": [{"name": "mobs/Venipede","stream": false}]},
"mobs.Whirlipede": {"category": "hostile","sounds": [{"name": "mobs/Whirlipede","stream": false}]},
"mobs.Scolipede": {"category": "hostile","sounds": [{"name": "mobs/Scolipede","stream": false}]},
"mobs.Cottonee": {"category": "hostile","sounds": [{"name": "mobs/Cottonee","stream": false}]},
"mobs.Whimsicott": {"category": "hostile","sounds": [{"name": "mobs/Whimsicott","stream": false}]},
"mobs.Petilil": {"category": "hostile","sounds": [{"name": "mobs/Petilil","stream": false}]},
"mobs.Lilligant": {"category": "hostile","sounds": [{"name": "mobs/Lilligant","stream": false}]},
//"mobs.Basculin": {"category": "hostile","sounds": [{"name": "mobs/Basculin","stream": false}]},
"mobs.Sandile": {"category": "hostile","sounds": [{"name": "mobs/Sandile","stream": false}]},
"mobs.Krokorok": {"category": "hostile","sounds": [{"name": "mobs/Krokorok","stream": false}]},
"mobs.Krookodile": {"category": "hostile","sounds": [{"name": "mobs/Krookodile","stream": false}]},
//"mobs.Darumaka": {"category": "hostile","sounds": [{"name": "mobs/Darumaka","stream": false}]},
//"mobs.Darmanitan": {"category": "hostile","sounds": [{"name": "mobs/Darmanitan","stream": false}]},
"mobs.Maractus": {"category": "hostile","sounds": [{"name": "mobs/Maractus","stream": false}]},
"mobs.Dwebble": {"category": "hostile","sounds": [{"name": "mobs/Dwebble","stream": false}]},
"mobs.Crustle": {"category": "hostile","sounds": [{"name": "mobs/Crustle","stream": false}]},
//"mobs.Scraggy": {"category": "hostile","sounds": [{"name": "mobs/Scraggy","stream": false}]},
//"mobs.Scrafty": {"category": "hostile","sounds": [{"name": "mobs/Scrafty","stream": false}]},
//"mobs.Sigilyph": {"category": "hostile","sounds": [{"name": "mobs/Sigilyph","stream": false}]},
//"mobs.Yamask": {"category": "hostile","sounds": [{"name": "mobs/Yamask","stream": false}]},
//"mobs.Cofagrigus": {"category": "hostile","sounds": [{"name": "mobs/Cofagrigus","stream": false}]},
//"mobs.Tirtouga": {"category": "hostile","sounds": [{"name": "mobs/Tirtouga","stream": false}]},
//"mobs.Carracosta": {"category": "hostile","sounds": [{"name": "mobs/Carracosta","stream": false}]},
//"mobs.Archen": {"category": "hostile","sounds": [{"name": "mobs/Archen","stream": false}]},
//"mobs.Archeops": {"category": "hostile","sounds": [{"name": "mobs/Archeops","stream": false}]},
//"mobs.Trubbish": {"category": "hostile","sounds": [{"name": "mobs/Trubbish","stream": false}]},
//"mobs.Garbodor": {"category": "hostile","sounds": [{"name": "mobs/Garbodor","stream": false}]},
"mobs.Zorua": {"category": "hostile","sounds": [{"name": "mobs/Zorua","stream": false}]},
"mobs.Zoroark": {"category": "hostile","sounds": [{"name": "mobs/Zoroark","stream": false}]},
//"mobs.Minccino": {"category": "hostile","sounds": [{"name": "mobs/Minccino","stream": false}]},
//"mobs.Cinccino": {"category": "hostile","sounds": [{"name": "mobs/Cinccino","stream": false}]},
//"mobs.Gothita": {"category": "hostile","sounds": [{"name": "mobs/Gothita","stream": false}]},
//"mobs.Gothorita": {"category": "hostile","sounds": [{"name": "mobs/Gothorita","stream": false}]},
//"mobs.Gothitelle": {"category": "hostile","sounds": [{"name": "mobs/Gothitelle","stream": false}]},
"mobs.Solosis": {"category": "hostile","sounds": [{"name": "mobs/Solosis","stream": false}]},
"mobs.Duosion": {"category": "hostile","sounds": [{"name": "mobs/Duosion","stream": false}]},
"mobs.Reuniclus": {"category": "hostile","sounds": [{"name": "mobs/Reuniclus","stream": false}]},
//"mobs.Ducklett": {"category": "hostile","sounds": [{"name": "mobs/Ducklett","stream": false}]},
//"mobs.Swanna": {"category": "hostile","sounds": [{"name": "mobs/Swanna","stream": false}]},
//"mobs.Vanillite": {"category": "hostile","sounds": [{"name": "mobs/Vanillite","stream": false}]},
//"mobs.Vanillish": {"category": "hostile","sounds": [{"name": "mobs/Vanillish","stream": false}]},
//"mobs.Vanilluxe": {"category": "hostile","sounds": [{"name": "mobs/Vanilluxe","stream": false}]},
//"mobs.Deerling": {"category": "hostile","sounds": [{"name": "mobs/Deerling","stream": false}]},
//"mobs.Sawsbuck": {"category": "hostile","sounds": [{"name": "mobs/Sawsbuck","stream": false}]},
"mobs.Emolga": {"category": "hostile","sounds": [{"name": "mobs/Emolga","stream": false}]},
//"mobs.Karrablast": {"category": "hostile","sounds": [{"name": "mobs/Karrablast","stream": false}]},
//"mobs.Escavalier": {"category": "hostile","sounds": [{"name": "mobs/Escavalier","stream": false}]},
"mobs.Foongus": {"category": "hostile","sounds": [{"name": "mobs/Foongus","stream": false}]},
"mobs.Amoonguss": {"category": "hostile","sounds": [{"name": "mobs/Amoonguss","stream": false}]},
//"mobs.Frillish": {"category": "hostile","sounds": [{"name": "mobs/Frillish","stream": false}]},
//"mobs.Jellicent": {"category": "hostile","sounds": [{"name": "mobs/Jellicent","stream": false}]},
"mobs.Alomomola": {"category": "hostile","sounds": [{"name": "mobs/Alomomola","stream": false}]},
"mobs.Joltik": {"category": "hostile","sounds": [{"name": "mobs/Joltik","stream": false}]},
"mobs.Galvantula": {"category": "hostile","sounds": [{"name": "mobs/Galvantula","stream": false}]},
//"mobs.Ferroseed": {"category": "hostile","sounds": [{"name": "mobs/Ferroseed","stream": false}]},
//"mobs.Ferrothorn": {"category": "hostile","sounds": [{"name": "mobs/Ferrothorn","stream": false}]},
//"mobs.Klink": {"category": "hostile","sounds": [{"name": "mobs/Klink","stream": false}]},
//"mobs.Klang": {"category": "hostile","sounds": [{"name": "mobs/Klang","stream": false}]},
//"mobs.Klinklang": {"category": "hostile","sounds": [{"name": "mobs/Klinklang","stream": false}]},
"mobs.Tynamo": {"category": "hostile","sounds": [{"name": "mobs/Tynamo","stream": false}]},
"mobs.Eelektrik": {"category": "hostile","sounds": [{"name": "mobs/Eelektrik","stream": false}]},
"mobs.Eelektross": {"category": "hostile","sounds": [{"name": "mobs/Eelektross","stream": false}]},
//"mobs.Elgyem": {"category": "hostile","sounds": [{"name": "mobs/Elgyem","stream": false}]},
//"mobs.Beheeyem": {"category": "hostile","sounds": [{"name": "mobs/Beheeyem","stream": false}]},
"mobs.Litwick": {"category": "hostile","sounds": [{"name": "mobs/Litwick","stream": false}]},
"mobs.Lampent": {"category": "hostile","sounds": [{"name": "mobs/Lampent","stream": false}]},
"mobs.Chandelure": {"category": "hostile","sounds": [{"name": "mobs/Chandelure","stream": false}]},
"mobs.Axew": {"category": "hostile","sounds": [{"name": "mobs/Axew","stream": false}]},
"mobs.Fraxure": {"category": "hostile","sounds": [{"name": "mobs/Fraxure","stream": false}]},
"mobs.Haxorus": {"category": "hostile","sounds": [{"name": "mobs/Haxorus","stream": false}]},
//"mobs.Cubchoo": {"category": "hostile","sounds": [{"name": "mobs/Cubchoo","stream": false}]},
//"mobs.Beartic": {"category": "hostile","sounds": [{"name": "mobs/Beartic","stream": false}]},
//"mobs.Cryogonal": {"category": "hostile","sounds": [{"name": "mobs/Cryogonal","stream": false}]},
//"mobs.Shelmet": {"category": "hostile","sounds": [{"name": "mobs/Shelmet","stream": false}]},
//"mobs.Accelgor": {"category": "hostile","sounds": [{"name": "mobs/Accelgor","stream": false}]},
//"mobs.Stunfisk": {"category": "hostile","sounds": [{"name": "mobs/Stunfisk","stream": false}]},
//"mobs.Mienfoo": {"category": "hostile","sounds": [{"name": "mobs/Mienfoo","stream": false}]},
//"mobs.Mienshao": {"category": "hostile","sounds": [{"name": "mobs/Mienshao","stream": false}]},
//"mobs.Druddigon": {"category": "hostile","sounds": [{"name": "mobs/Druddigon","stream": false}]},
//"mobs.Golett": {"category": "hostile","sounds": [{"name": "mobs/Golett","stream": false}]},
//"mobs.Golurk": {"category": "hostile","sounds": [{"name": "mobs/Golurk","stream": false}]},
"mobs.Pawniard": {"category": "hostile","sounds": [{"name": "mobs/Pawniard","stream": false}]},
"mobs.Bisharp": {"category": "hostile","sounds": [{"name": "mobs/Bisharp","stream": false}]},
//"mobs.Bouffalant": {"category": "hostile","sounds": [{"name": "mobs/Bouffalant","stream": false}]},
//"mobs.Rufflet": {"category": "hostile","sounds": [{"name": "mobs/Rufflet","stream": false}]},
//"mobs.Braviary": {"category": "hostile","sounds": [{"name": "mobs/Braviary","stream": false}]},
//"mobs.Vullaby": {"category": "hostile","sounds": [{"name": "mobs/Vullaby","stream": false}]},
//"mobs.Mandibuzz": {"category": "hostile","sounds": [{"name": "mobs/Mandibuzz","stream": false}]},
//"mobs.Heatmor": {"category": "hostile","sounds": [{"name": "mobs/Heatmor","stream": false}]},
"mobs.Durant": {"category": "hostile","sounds": [{"name": "mobs/Durant","stream": false}]},
//"mobs.Deino": {"category": "hostile","sounds": [{"name": "mobs/Deino","stream": false}]},
//"mobs.Zweilous": {"category": "hostile","sounds": [{"name": "mobs/Zweilous","stream": false}]},
//"mobs.Hydreigon": {"category": "hostile","sounds": [{"name": "mobs/Hydreigon","stream": false}]},
"mobs.Larvesta": {"category": "hostile","sounds": [{"name": "mobs/Larvesta","stream": false}]},
"mobs.Volcarona": {"category": "hostile","sounds": [{"name": "mobs/Volcarona","stream": false}]},
//"mobs.Cobalion": {"category": "hostile","sounds": [{"name": "mobs/Cobalion","stream": false}]},
//"mobs.Terrakion": {"category": "hostile","sounds": [{"name": "mobs/Terrakion","stream": false}]},
//"mobs.Virizion": {"category": "hostile","sounds": [{"name": "mobs/Virizion","stream": false}]},
//"mobs.Tornadus ": {"category": "hostile","sounds": [{"name": "mobs/Tornadus ","stream": false}]},
//"mobs.Thundurus ": {"category": "hostile","sounds": [{"name": "mobs/Thundurus ","stream": false}]},
//"mobs.Reshiram": {"category": "hostile","sounds": [{"name": "mobs/Reshiram","stream": false}]},
//"mobs.Zekrom": {"category": "hostile","sounds": [{"name": "mobs/Zekrom","stream": false}]},
//"mobs.Landorus ": {"category": "hostile","sounds": [{"name": "mobs/Landorus ","stream": false}]},
//"mobs.Kyurem": {"category": "hostile","sounds": [{"name": "mobs/Kyurem","stream": false}]},
//"mobs.Keldeo": {"category": "hostile","sounds": [{"name": "mobs/Keldeo","stream": false}]},
//"mobs.Meloetta": {"category": "hostile","sounds": [{"name": "mobs/Meloetta","stream": false}]},
//"mobs.Genesect": {"category": "hostile","sounds": [{"name": "mobs/Genesect","stream": false}]},
"mobs.Chespin": {"category": "hostile","sounds": [{"name": "mobs/Chespin","stream": false}]},
"mobs.Quilladin": {"category": "hostile","sounds": [{"name": "mobs/Quilladin","stream": false}]},
"mobs.Chesnaught": {"category": "hostile","sounds": [{"name": "mobs/Chesnaught","stream": false}]},
"mobs.Fennekin": {"category": "hostile","sounds": [{"name": "mobs/Fennekin","stream": false}]},
"mobs.Braixen": {"category": "hostile","sounds": [{"name": "mobs/Braixen","stream": false}]},
"mobs.Delphox": {"category": "hostile","sounds": [{"name": "mobs/Delphox","stream": false}]},
"mobs.Froakie": {"category": "hostile","sounds": [{"name": "mobs/Froakie","stream": false}]},
"mobs.Frogadier": {"category": "hostile","sounds": [{"name": "mobs/Frogadier","stream": false}]},
"mobs.Greninja": {"category": "hostile","sounds": [{"name": "mobs/Greninja","stream": false}]},
//"mobs.Bunnelby": {"category": "hostile","sounds": [{"name": "mobs/Bunnelby","stream": false}]},
//"mobs.Diggersby": {"category": "hostile","sounds": [{"name": "mobs/Diggersby","stream": false}]},
//"mobs.Fletchling": {"category": "hostile","sounds": [{"name": "mobs/Fletchling","stream": false}]},
//"mobs.Fletchinder": {"category": "hostile","sounds": [{"name": "mobs/Fletchinder","stream": false}]},
//"mobs.Talonflame": {"category": "hostile","sounds": [{"name": "mobs/Talonflame","stream": false}]},
//"mobs.Scatterbug": {"category": "hostile","sounds": [{"name": "mobs/Scatterbug","stream": false}]},
//"mobs.Spewpa": {"category": "hostile","sounds": [{"name": "mobs/Spewpa","stream": false}]},
//"mobs.Vivillon": {"category": "hostile","sounds": [{"name": "mobs/Vivillon","stream": false}]},
//"mobs.Litleo": {"category": "hostile","sounds": [{"name": "mobs/Litleo","stream": false}]},
//"mobs.Pyroar": {"category": "hostile","sounds": [{"name": "mobs/Pyroar","stream": false}]},
//"mobs.Flabébé": {"category": "hostile","sounds": [{"name": "mobs/Flabébé","stream": false}]},
//"mobs.Floette": {"category": "hostile","sounds": [{"name": "mobs/Floette","stream": false}]},
//"mobs.Florges": {"category": "hostile","sounds": [{"name": "mobs/Florges","stream": false}]},
//"mobs.Skiddo": {"category": "hostile","sounds": [{"name": "mobs/Skiddo","stream": false}]},
//"mobs.Gogoat": {"category": "hostile","sounds": [{"name": "mobs/Gogoat","stream": false}]},
//"mobs.Pancham": {"category": "hostile","sounds": [{"name": "mobs/Pancham","stream": false}]},
//"mobs.Pangoro": {"category": "hostile","sounds": [{"name": "mobs/Pangoro","stream": false}]},
//"mobs.Furfrou": {"category": "hostile","sounds": [{"name": "mobs/Furfrou","stream": false}]},
//"mobs.Espurr": {"category": "hostile","sounds": [{"name": "mobs/Espurr","stream": false}]},
//"mobs.Meowstic": {"category": "hostile","sounds": [{"name": "mobs/Meowstic","stream": false}]},
//"mobs.Honedge": {"category": "hostile","sounds": [{"name": "mobs/Honedge","stream": false}]},
//"mobs.Doublade": {"category": "hostile","sounds": [{"name": "mobs/Doublade","stream": false}]},
//"mobs.Aegislash": {"category": "hostile","sounds": [{"name": "mobs/Aegislash","stream": false}]},
//"mobs.Spritzee": {"category": "hostile","sounds": [{"name": "mobs/Spritzee","stream": false}]},
//"mobs.Aromatisse": {"category": "hostile","sounds": [{"name": "mobs/Aromatisse","stream": false}]},
//"mobs.Swirlix": {"category": "hostile","sounds": [{"name": "mobs/Swirlix","stream": false}]},
//"mobs.Slurpuff": {"category": "hostile","sounds": [{"name": "mobs/Slurpuff","stream": false}]},
//"mobs.Inkay": {"category": "hostile","sounds": [{"name": "mobs/Inkay","stream": false}]},
//"mobs.Malamar": {"category": "hostile","sounds": [{"name": "mobs/Malamar","stream": false}]},
//"mobs.Binacle": {"category": "hostile","sounds": [{"name": "mobs/Binacle","stream": false}]},
//"mobs.Barbaracle": {"category": "hostile","sounds": [{"name": "mobs/Barbaracle","stream": false}]},
//"mobs.Skrelp": {"category": "hostile","sounds": [{"name": "mobs/Skrelp","stream": false}]},
//"mobs.Dragalge": {"category": "hostile","sounds": [{"name": "mobs/Dragalge","stream": false}]},
//"mobs.Clauncher": {"category": "hostile","sounds": [{"name": "mobs/Clauncher","stream": false}]},
//"mobs.Clawitzer": {"category": "hostile","sounds": [{"name": "mobs/Clawitzer","stream": false}]},
//"mobs.Helioptile": {"category": "hostile","sounds": [{"name": "mobs/Helioptile","stream": false}]},
//"mobs.Heliolisk": {"category": "hostile","sounds": [{"name": "mobs/Heliolisk","stream": false}]},
//"mobs.Tyrunt": {"category": "hostile","sounds": [{"name": "mobs/Tyrunt","stream": false}]},
//"mobs.Tyrantrum": {"category": "hostile","sounds": [{"name": "mobs/Tyrantrum","stream": false}]},
//"mobs.Amaura": {"category": "hostile","sounds": [{"name": "mobs/Amaura","stream": false}]},
//"mobs.Aurorus": {"category": "hostile","sounds": [{"name": "mobs/Aurorus","stream": false}]},
"mobs.Sylveon": {"category": "hostile","sounds": [{"name": "mobs/Sylveon","stream": false}]},
//"mobs.Hawlucha": {"category": "hostile","sounds": [{"name": "mobs/Hawlucha","stream": false}]},
//"mobs.Dedenne": {"category": "hostile","sounds": [{"name": "mobs/Dedenne","stream": false}]},
"mobs.Carbink": {"category": "hostile","sounds": [{"name": "mobs/Carbink","stream": false}]},
"mobs.Goomy": {"category": "hostile","sounds": [{"name": "mobs/Goomy","stream": false}]},
"mobs.Sliggoo": {"category": "hostile","sounds": [{"name": "mobs/Sliggoo","stream": false}]},
"mobs.Goodra": {"category": "hostile","sounds": [{"name": "mobs/Goodra","stream": false}]},
"mobs.Klefki": {"category": "hostile","sounds": [{"name": "mobs/Klefki","stream": false}]},
"mobs.Phantump": {"category": "hostile","sounds": [{"name": "mobs/Phantump","stream": false}]},
"mobs.Trevenant": {"category": "hostile","sounds": [{"name": "mobs/Trevenant","stream": false}]},
//"mobs.Pumpkaboo": {"category": "hostile","sounds": [{"name": "mobs/Pumpkaboo","stream": false}]},
//"mobs.Gourgeist": {"category": "hostile","sounds": [{"name": "mobs/Gourgeist","stream": false}]},
"mobs.Bergmite": {"category": "hostile","sounds": [{"name": "mobs/Bergmite","stream": false}]},
"mobs.Avalugg": {"category": "hostile","sounds": [{"name": "mobs/Avalugg","stream": false}]},
//"mobs.Noibat": {"category": "hostile","sounds": [{"name": "mobs/Noibat","stream": false}]},
//"mobs.Noivern": {"category": "hostile","sounds": [{"name": "mobs/Noivern","stream": false}]},
"mobs.Xerneas": {"category": "hostile","sounds": [{"name": "mobs/Xerneas","stream": false}]},
"mobs.Yveltal": {"category": "hostile","sounds": [{"name": "mobs/Yveltal","stream": false}]},
//"mobs.Zygarde": {"category": "hostile","sounds": [{"name": "mobs/Zygarde","stream": false}]}
   "pokecenter": {"category": "block","sounds": [{"name": "pokecenter","stream": false}]},
   "pokecenterloop": {"category": "record","sounds": [{"name": "pokecenterloop","stream": true}]},
   "pokecube_caught": {"category": "player","sounds": [{"name": "pokecube_caught","stream": false}]}
}