{"version":3,"generationInfos":[{"type":"vanilla","generationInfo":{"id":"VanillaGen1","generationWeight":10.0,"minBaseLimit":0.9900990128517151,"maxBaseLimit":0.9900990128517151,"minScaledLimit":0.0,"maxScaledLimit":0.0,"spawnShiftX":0,"spawnShiftY":-1,"spawnShiftZ":0,"front":"NORTH","biomeExpression":""}}],"transformers":[{"type":"naturalAir","transformer":{"sourceExpression":"reccomplex:negativeSpace \u0026 #1"}},{"type":"negativeSpace","transformer":{"sourceExpression":"reccomplex:negativeSpace \u0026 #0"}},{"type":"natural","transformer":{"sourceExpression":"reccomplex:naturalFloor \u0026 #0"}},{"type":"replace","transformer":{"sourceExpression":"reccomplex:naturalFloor \u0026 #1","destination":[{"block":"minecraft:air","metadata":0,"tileEntityInfo":""}]}}],"rotatable":true,"mirrorable":false,"dependencyExpression":"","metadata":{"authors":"Thutmose","weblink":"","comment":"Pokemart for Pokecube"},"customData":{}}